{
    "k_low": 10,
    "k_upp": 18,
    "id_k_low": 9,
    "id_k_upp": 17,
    "c_star": [
        0.0720178484916687,
        0.0668032318353653,
        0.059833087027072906,
        0.04973987862467766,
        0.04841410741209984,
        0.04717881977558136,
        0.044971566647291183,
        0.04302500560879707,
        0.03934050723910332,
        0.038737647235393524,
        0.0370013527572155,
        0.03692027926445007,
        0.03596049174666405,
        0.035800885409116745,
        0.03550606220960617,
        0.0345890074968338,
        0.03399961069226265,
        0.033882126212120056,
        0.0319707952439785,
        0.03179358318448067,
        0.031655870378017426,
        0.031243151053786278,
        0.029368942603468895,
        0.02547426149249077,
        0.024771859869360924
    ],
    "pop_sort_idxs": [
        24,
        15,
        8,
        17,
        11,
        23,
        5,
        1,
        10,
        9,
        7,
        21,
        13,
        6,
        12,
        22,
        14,
        2,
        19,
        0,
        20,
        3,
        18,
        16,
        4
    ],
    "low_pop_combs": [
        24,
        15,
        8,
        17,
        11,
        23,
        5,
        1,
        10,
        9
    ],
    "upp_pop_combs": [
        24,
        15,
        8,
        17,
        11,
        23,
        5,
        1,
        10,
        9,
        7,
        21,
        13,
        6,
        12,
        22,
        14,
        2
    ],
    "pop_sort_nms": [
        "WNFH.frq",
        "MILL.frq",
        "FIFT.frq",
        "NACH.frq",
        "JOSE.frq",
        "UGRT.frq",
        "DWOR.frq",
        "CAPJ.frq",
        "JDMA.frq",
        "FISH.frq",
        "EPOT.frq",
        "SAWN.frq",
        "LSHE.frq",
        "EMOO.frq",
        "LAKE.frq",
        "TUCN.frq",
        "MFJD.frq",
        "CATH.frq",
        "PAHH.frq",
        "ASOT.frq",
        "ROCK.frq",
        "CHAM.frq",
        "NFJD.frq",
        "MINT.frq",
        "CHIW.frq"
    ],
    "low_pop_combs_nm": [
        "WNFH.frq",
        "MILL.frq",
        "FIFT.frq",
        "NACH.frq",
        "JOSE.frq",
        "UGRT.frq",
        "DWOR.frq",
        "CAPJ.frq",
        "JDMA.frq",
        "FISH.frq"
    ],
    "upp_pop_combs_nm": [
        "WNFH.frq",
        "MILL.frq",
        "FIFT.frq",
        "NACH.frq",
        "JOSE.frq",
        "UGRT.frq",
        "DWOR.frq",
        "CAPJ.frq",
        "JDMA.frq",
        "FISH.frq",
        "EPOT.frq",
        "SAWN.frq",
        "LSHE.frq",
        "EMOO.frq",
        "LAKE.frq",
        "TUCN.frq",
        "MFJD.frq",
        "CATH.frq"
    ]
}