{
    "k_low": 10,
    "k_upp": 18,
    "id_k_low": 9,
    "id_k_upp": 17,
    "c_sort_star": [
        0.0732479989528656,
        0.06795841455459595,
        0.059911713004112244,
        0.050139326602220535,
        0.049056101590394974,
        0.048114653676748276,
        0.04474120959639549,
        0.04278978705406189,
        0.03908085078001022,
        0.03849317133426666,
        0.0369076132774353,
        0.03666612133383751,
        0.035835377871990204,
        0.03562428429722786,
        0.035324446856975555,
        0.034420743584632874,
        0.033918388187885284,
        0.033557478338479996,
        0.032097142189741135,
        0.03169350326061249,
        0.03125186264514923,
        0.03088160790503025,
        0.029002731665968895,
        0.02490837499499321,
        0.024377070367336273
    ],
    "low_pop_combs": [
        24,
        15,
        8,
        17,
        11,
        23,
        5,
        1,
        10,
        9
    ],
    "upp_pop_combs": [
        24,
        15,
        8,
        17,
        11,
        23,
        5,
        1,
        10,
        9,
        21,
        7,
        13,
        6,
        12,
        22,
        14,
        2
    ],
    "low_pop_combs_names": [
        "WNFH.frq",
        "MILL.frq",
        "FIFT.frq",
        "NACH.frq",
        "JOSE.frq",
        "UGRT.frq",
        "DWOR.frq",
        "CAPJ.frq",
        "JDMA.frq",
        "FISH.frq"
    ],
    "upp_pop_combs_names": [
        "WNFH.frq",
        "MILL.frq",
        "FIFT.frq",
        "NACH.frq",
        "JOSE.frq",
        "UGRT.frq",
        "DWOR.frq",
        "CAPJ.frq",
        "JDMA.frq",
        "FISH.frq",
        "SAWN.frq",
        "EPOT.frq",
        "LSHE.frq",
        "EMOO.frq",
        "LAKE.frq",
        "TUCN.frq",
        "MFJD.frq",
        "CATH.frq"
    ],
    "pop_sort_idxs": [
        24,
        15,
        8,
        17,
        11,
        23,
        5,
        1,
        10,
        9,
        21,
        7,
        13,
        6,
        12,
        22,
        14,
        2,
        19,
        20,
        3,
        0,
        18,
        4,
        16
    ],
    "pop_sort_names": [
        "WNFH.frq",
        "MILL.frq",
        "FIFT.frq",
        "NACH.frq",
        "JOSE.frq",
        "UGRT.frq",
        "DWOR.frq",
        "CAPJ.frq",
        "JDMA.frq",
        "FISH.frq",
        "SAWN.frq",
        "EPOT.frq",
        "LSHE.frq",
        "EMOO.frq",
        "LAKE.frq",
        "TUCN.frq",
        "MFJD.frq",
        "CATH.frq",
        "PAHH.frq",
        "ROCK.frq",
        "CHAM.frq",
        "ASOT.frq",
        "NFJD.frq",
        "CHIW.frq",
        "MINT.frq"
    ]
}